{
  "loss": [
    0.6834572553634644,
    0.43448784947395325,
    0.32249295711517334,
    0.2915138900279999,
    0.25236859917640686,
    0.2382356822490692,
    0.2297385334968567,
    0.23525689542293549,
    0.22762934863567352,
    0.17511209845542908,
    0.18300499022006989,
    0.1648215353488922
  ],
  "accuracy": [
    0.6745049357414246,
    0.8341584205627441,
    0.8849009871482849,
    0.9034653306007385,
    0.9195544719696045,
    0.926980197429657,
    0.926980197429657,
    0.9245049357414246,
    0.9356435537338257,
    0.9504950642585754,
    0.948019802570343,
    0.9517326951026917
  ],
  "val_loss": [
    0.4927152693271637,
    0.379757821559906,
    0.40254175662994385,
    0.31639841198921204,
    0.3479728102684021,
    0.3670247495174408,
    0.31172090768814087,
    0.34896495938301086,
    0.3605425953865051,
    0.35412275791168213,
    0.42365899682044983,
    0.390534907579422
  ],
  "val_accuracy": [
    0.8476190567016602,
    0.8571428656578064,
    0.8571428656578064,
    0.8761904835700989,
    0.8761904835700989,
    0.8761904835700989,
    0.9238095283508301,
    0.8761904835700989,
    0.8761904835700989,
    0.8952381014823914,
    0.8190476298332214,
    0.8571428656578064
  ]
}